Workbook

Sheet Objetos de dominio
A1: Nombre | B1: Descripción
A2: Reserva | B2: Corresponde a cada una de las reservas que pude hacer el residente, es decir, el residente puede reservar una zona común, ejemplo: El residente 001 reserva la piscina con su respectivo turno.
A3: Turno | B3: Corresponde a los turnos que un residente puede reservar en una agenda, es decir, el residente toma un turno que esta disponible de una agenda que anteriormente ya esta programada.
A4: Residente | B4: Corresponde a la persona que puede realizar una reserva para una zona común.

Sheet Reserva
A1: <<<<<< Volver al inicio
A2: Es un dato que hace que cada reserva sea única. | B2: Este dato representa la cantidad de invitados con los cuales el residente va hacer la reserva. | C2: Es un dato que representa el turno que va a tener en cuenta la reserva. | D2: Es un dato que representa el residente que va a tener en cuenta la reserva. | E2: Este dato representa la fecha de cracion de la reserva | F2: Este dato representa la validez de la reserva, es decir, si esta se encuentra pendiente para ser confirmada o si ya está confirmada | G2: No es posible tener una reserva con un turno para el mismo residente.
A3: Identificador | B3: numeroInvitados | C3: Turno | D3: Residente | E3: fechaReserva | F3: estadoReserva | G3: Combinación única
A4: 1 | B4: 1 invitado | C4: =Turno!$G$6 -> Turno 3-Piscina-Forest apartamentos - 18 septiembre 2024 6:00:00 a. m. hasta - 18 septiembre 2024 2:00:00 p. m. - 10:00:00 a. m. - 12:00:00 p. m. | D4: =Residente!$K$4 -> Cédula de Ciudadanía-74564891 | E4: =TEXT(TODAY(),"dd/mm/yyyy") -> 02/11/2024 | F4: Confirmada | G4: =C4&"-"&D4 -> Turno 3-Piscina-Forest apartamentos - 18 septiembre 2024 6:00:00 a. m. hasta - 18 septiembre 2024 2:00:00 p. m. - 10:00:00 a. m. - 12:00:00 p. m. -Cédula de Ciudadanía-74564891
A5: 2 | B5: 2 invitados | C5: =Turno!$G$9 -> Turno 2-Gimnasio-Forest apartamentos - 18 septiembre 2024 3:00:00 p. m. hasta - 18 septiembre 2024 9:00:00 p. m. - 5:00:00 p. m. - 7:00:00 p. m. | D5: =Residente!$K$5 -> Registro civil-16513516 | E5: =TEXT(TODAY(),"dd/mm/yyyy") -> 02/11/2024 | F5: Pendiente | G5: =C5&"-"&D5 -> Turno 2-Gimnasio-Forest apartamentos - 18 septiembre 2024 3:00:00 p. m. hasta - 18 septiembre 2024 9:00:00 p. m. - 5:00:00 p. m. - 7:00:00 p. m. -Registro civil-16513516
A6: 3 | B6: 7 invitados | C6: =Turno!$G$13 -> Turno 3-piscinaAdultos-Natural - 20 septiembre 2024 10:00:00 a. m. hasta - 20 septiembre 2024 1:00:00 p. m. - 12:00:00 p. m. - 1:00:00 p. m. | D6: =Residente!$K$6 -> Pasaporte-8552369 | E6: =TEXT(TODAY(),"dd/mm/yyyy") -> 02/11/2024 | F6: Confirmada | G6: =C6&"-"&D6 -> Turno 3-piscinaAdultos-Natural - 20 septiembre 2024 10:00:00 a. m. hasta - 20 septiembre 2024 1:00:00 p. m. - 12:00:00 p. m. - 1:00:00 p. m. -Pasaporte-8552369
A7: 4 | B7: 3 invitados | C7: =Turno!$G$10 -> Turno 3-Gimnasio-Forest apartamentos - 18 septiembre 2024 3:00:00 p. m. hasta - 18 septiembre 2024 9:00:00 p. m. - 7:00:00 p. m. - 9:00:00 p. m. | D7: =Residente!K9 -> Cédula de Ciudadanía-1034567890 | E7: =TEXT(TODAY(),"dd/mm/yyyy") -> 02/11/2024 | F7: Confirmada | G7: =C7&"-"&D7 -> Turno 3-Gimnasio-Forest apartamentos - 18 septiembre 2024 3:00:00 p. m. hasta - 18 septiembre 2024 9:00:00 p. m. - 7:00:00 p. m. - 9:00:00 p. m. -Cédula de Ciudadanía-1034567890
A8: 5 | B8: 0 invitados | C8: =Turno!G12 -> Turno 2-piscinaAdultos-Natural - 20 septiembre 2024 10:00:00 a. m. hasta - 20 septiembre 2024 1:00:00 p. m. - 11:00:00 a. m. - 12:00:00 p. m. | D8: =Residente!K10 -> Tarjeta de Identidad-900123456 | E8: =TEXT(TODAY(),"dd/mm/yyyy") -> 02/11/2024 | F8: Confirmada | G8: =C8&"-"&D8 -> Turno 2-piscinaAdultos-Natural - 20 septiembre 2024 10:00:00 a. m. hasta - 20 septiembre 2024 1:00:00 p. m. - 11:00:00 a. m. - 12:00:00 p. m. -Tarjeta de Identidad-900123456
A9: 6 | B9: 4 invitados | C9: =Turno!G6 -> Turno 3-Piscina-Forest apartamentos - 18 septiembre 2024 6:00:00 a. m. hasta - 18 septiembre 2024 2:00:00 p. m. - 10:00:00 a. m. - 12:00:00 p. m. | D9: =Residente!K11 -> Pasaporte-1045678901 | E9: =TEXT(TODAY(),"dd/mm/yyyy") -> 02/11/2024 | F9: Pendiente | G9: =C9&"-"&D9 -> Turno 3-Piscina-Forest apartamentos - 18 septiembre 2024 6:00:00 a. m. hasta - 18 septiembre 2024 2:00:00 p. m. - 10:00:00 a. m. - 12:00:00 p. m. -Pasaporte-1045678901
A10: 7 | B10: 0 invitados | C10: =Turno!$G$8 -> Turno 1-Gimnasio-Forest apartamentos - 18 septiembre 2024 3:00:00 p. m. hasta - 18 septiembre 2024 9:00:00 p. m. - 3:00:00 p. m. - 5:00:00 p. m. | D10: =Residente!K13 -> Cédula de Ciudadanía-1067890123 | E10: =TEXT(TODAY(),"dd/mm/yyyy") -> 02/11/2024 | F10: Confirmada | G10: =C10&"-"&D10 -> Turno 1-Gimnasio-Forest apartamentos - 18 septiembre 2024 3:00:00 p. m. hasta - 18 septiembre 2024 9:00:00 p. m. - 3:00:00 p. m. - 5:00:00 p. m. -Cédula de Ciudadanía-1067890123

Sheet Turno
A1: <<<<<< Volver al inicio
A2: Es un dato que hace que cada turno sea único. | B2: Este dato representa el nombre y número con el que se va a concoer el turno por defecto la palabra "Turno" y luego un numero consecutivo | C2: Es un dato que representa la hora de inicio del turno. | D2: Es un dato que representa la hora de finalización del turno. | E2: Este dato es de tipo logico el cual dice si esta disponible o no disponible un turno | F2: Este dato representa con que agenda está relacionada el turno. | G2: No es posible tener un nombre con la misma agenda para la misma hora de inicio y hora final del turno para una misma turno.
A3: Identificador | B3: numeroTurno | C3: horaInicio | D3: horaFin | E3: estado | F3: Agenda | G3: Combinación única
A4: 1 | B4: Turno 1 | C4: 0.25 | D4: 0.33333333 | E4: Disponible | F4: Piscina-Forest apartamentos - 18 septiembre 2024 6:00:00 a. m. hasta - 18 septiembre 2024 2:00:00 p. m. | G4: =_xlfn.CONCAT(B4,"-",F4,"-",TEXT(C4," h:mm:ss AM/PM "),"-",TEXT(D4," h:mm:ss AM/PM ")) -> Turno 1-Piscina-Forest apartamentos - 18 septiembre 2024 6:00:00 a. m. hasta - 18 septiembre 2024 2:00:00 p. m. - 6:00:00 a. m. - 8:00:00 a. m.
A5: 2 | B5: Turno 2 | C5: 0.33333333 | D5: 0.41666667 | E5: Disponible | F5: Piscina-Forest apartamentos - 18 septiembre 2024 6:00:00 a. m. hasta - 18 septiembre 2024 2:00:00 p. m. | G5: =_xlfn.CONCAT(B5,"-",F5,"-",TEXT(C5," h:mm:ss AM/PM "),"-",TEXT(D5," h:mm:ss AM/PM ")) -> Turno 2-Piscina-Forest apartamentos - 18 septiembre 2024 6:00:00 a. m. hasta - 18 septiembre 2024 2:00:00 p. m. - 8:00:00 a. m. - 10:00:00 a. m.
A6: 3 | B6: Turno 3 | C6: 0.41666667 | D6: 0.5 | E6: Disponible | F6: Piscina-Forest apartamentos - 18 septiembre 2024 6:00:00 a. m. hasta - 18 septiembre 2024 2:00:00 p. m. | G6: =_xlfn.CONCAT(B6,"-",F6,"-",TEXT(C6," h:mm:ss AM/PM "),"-",TEXT(D6," h:mm:ss AM/PM ")) -> Turno 3-Piscina-Forest apartamentos - 18 septiembre 2024 6:00:00 a. m. hasta - 18 septiembre 2024 2:00:00 p. m. - 10:00:00 a. m. - 12:00:00 p. m.
A7: 4 | B7: Turno 4 | C7: 0.54166667 | D7: 0.58333333 | E7: Disponible | F7: Piscina-Forest apartamentos - 18 septiembre 2024 6:00:00 a. m. hasta - 18 septiembre 2024 2:00:00 p. m. | G7: =_xlfn.CONCAT(B7,"-",F7,"-",TEXT(C7," h:mm:ss AM/PM "),"-",TEXT(D7," h:mm:ss AM/PM ")) -> Turno 4-Piscina-Forest apartamentos - 18 septiembre 2024 6:00:00 a. m. hasta - 18 septiembre 2024 2:00:00 p. m. - 1:00:00 p. m. - 2:00:00 p. m.
A8: 5 | B8: Turno 1 | C8: 0.625 | D8: 0.70833333 | E8: Disponible | F8: Gimnasio-Forest apartamentos - 18 septiembre 2024 3:00:00 p. m. hasta - 18 septiembre 2024 9:00:00 p. m. | G8: =_xlfn.CONCAT(B8,"-",F8,"-",TEXT(C8," h:mm:ss AM/PM "),"-",TEXT(D8," h:mm:ss AM/PM ")) -> Turno 1-Gimnasio-Forest apartamentos - 18 septiembre 2024 3:00:00 p. m. hasta - 18 septiembre 2024 9:00:00 p. m. - 3:00:00 p. m. - 5:00:00 p. m.
A9: 6 | B9: Turno 2 | C9: 0.70833333 | D9: 0.79166667 | E9: Disponible | F9: Gimnasio-Forest apartamentos - 18 septiembre 2024 3:00:00 p. m. hasta - 18 septiembre 2024 9:00:00 p. m. | G9: =_xlfn.CONCAT(B9,"-",F9,"-",TEXT(C9," h:mm:ss AM/PM "),"-",TEXT(D9," h:mm:ss AM/PM ")) -> Turno 2-Gimnasio-Forest apartamentos - 18 septiembre 2024 3:00:00 p. m. hasta - 18 septiembre 2024 9:00:00 p. m. - 5:00:00 p. m. - 7:00:00 p. m.
A10: 7 | B10: Turno 3 | C10: 0.79166667 | D10: 0.875 | E10: Disponible | F10: Gimnasio-Forest apartamentos - 18 septiembre 2024 3:00:00 p. m. hasta - 18 septiembre 2024 9:00:00 p. m. | G10: =_xlfn.CONCAT(B10,"-",F10,"-",TEXT(C10," h:mm:ss AM/PM "),"-",TEXT(D10," h:mm:ss AM/PM ")) -> Turno 3-Gimnasio-Forest apartamentos - 18 septiembre 2024 3:00:00 p. m. hasta - 18 septiembre 2024 9:00:00 p. m. - 7:00:00 p. m. - 9:00:00 p. m.
A11: 8 | B11: Turno 1 | C11: 0.91666667 | D11: 0.95833333 | E11: Disponible | F11: piscinaAdultos-Natural - 20 septiembre 2024 10:00:00 a. m. hasta - 20 septiembre 2024 1:00:00 p. m. | G11: =_xlfn.CONCAT(B11,"-",F11,"-",TEXT(C11," h:mm:ss AM/PM "),"-",TEXT(D11," h:mm:ss AM/PM ")) -> Turno 1-piscinaAdultos-Natural - 20 septiembre 2024 10:00:00 a. m. hasta - 20 septiembre 2024 1:00:00 p. m. - 10:00:00 p. m. - 11:00:00 p. m.
A12: 9 | B12: Turno 2 | C12: 0.45833333 | D12: 0.5 | E12: Disponible | F12: piscinaAdultos-Natural - 20 septiembre 2024 10:00:00 a. m. hasta - 20 septiembre 2024 1:00:00 p. m. | G12: =_xlfn.CONCAT(B12,"-",F12,"-",TEXT(C12," h:mm:ss AM/PM "),"-",TEXT(D12," h:mm:ss AM/PM ")) -> Turno 2-piscinaAdultos-Natural - 20 septiembre 2024 10:00:00 a. m. hasta - 20 septiembre 2024 1:00:00 p. m. - 11:00:00 a. m. - 12:00:00 p. m.
A13: 10 | B13: Turno 3 | C13: 0.5 | D13: 0.54166667 | E13: Disponible | F13: piscinaAdultos-Natural - 20 septiembre 2024 10:00:00 a. m. hasta - 20 septiembre 2024 1:00:00 p. m. | G13: =_xlfn.CONCAT(B13,"-",F13,"-",TEXT(C13," h:mm:ss AM/PM "),"-",TEXT(D13," h:mm:ss AM/PM ")) -> Turno 3-piscinaAdultos-Natural - 20 septiembre 2024 10:00:00 a. m. hasta - 20 septiembre 2024 1:00:00 p. m. - 12:00:00 p. m. - 1:00:00 p. m.
A14: 11 | B14: Turno 1 | C14: 0.33333333 | D14: 0.375 | E14: Disponible | F14: Salón de Eventos-Riogrande - 18 septiembre 2024 8:00:00 a. m. hasta - 18 septiembre 2024 12:00:00 p. m. | G14: =_xlfn.CONCAT(B14,"-",F14,"-",TEXT(C14," h:mm:ss AM/PM "),"-",TEXT(D14," h:mm:ss AM/PM ")) -> Turno 1-Salón de Eventos-Riogrande - 18 septiembre 2024 8:00:00 a. m. hasta - 18 septiembre 2024 12:00:00 p. m. - 8:00:00 a. m. - 9:00:00 a. m.
A15: 12 | B15: Turno 2 | C15: 0.375 | D15: 0.41666667 | E15: Disponible | F15: Salón de Eventos-Riogrande - 18 septiembre 2024 8:00:00 a. m. hasta - 18 septiembre 2024 12:00:00 p. m. | G15: =_xlfn.CONCAT(B15,"-",F15,"-",TEXT(C15," h:mm:ss AM/PM "),"-",TEXT(D15," h:mm:ss AM/PM ")) -> Turno 2-Salón de Eventos-Riogrande - 18 septiembre 2024 8:00:00 a. m. hasta - 18 septiembre 2024 12:00:00 p. m. - 9:00:00 a. m. - 10:00:00 a. m.
... A21: 18 | B21: Turno 4 | C21: 0.45833333 | D21: 0.5 | E21: NoDisponible | F21: Cancha de Fútbol-Bolivar - 18 septiembre 2024 8:00:00 a. m. hasta - 18 septiembre 2024 12:00:00 p. m. | G21: =_xlfn.CONCAT(B21,"-",F21,"-",TEXT(C21," h:mm:ss AM/PM "),"-",TEXT(D21," h:mm:ss AM/PM ")) -> Turno 4-Cancha de Fútbol-Bolivar - 18 septiembre 2024 8:00:00 a. m. hasta - 18 septiembre 2024 12:00:00 p. m. - 11:00:00 a. m. - 12:00:00 p. m.
A22: 19 | G22: =_xlfn.CONCAT(B22,"-",F22) -> -
A23: 20 | G23: =_xlfn.CONCAT(B23,"-",F23) -> -
A24: 21 | G24: =_xlfn.CONCAT(B24,"-",F24) -> -
A25: 22 | G25: =_xlfn.CONCAT(B25,"-",F25) -> -
A26: 23 | G26: =_xlfn.CONCAT(B26,"-",F26) -> -
A27: 24 | G27: =_xlfn.CONCAT(B27,"-",F27) -> -
A28: 25
F31: Cancha de Fútbol-Bolivar - 18 septiembre 2024 8:00:00 a. m. hasta - 18 septiembre 2024 12:00:00 p. m.

Sheet Residente
A1: <<<<<< Volver al inicio
A2: Es un dato que hace que cada residente sea único. | B2: Es un dato que representa el nombre del residente. | C2: Es un dato que representa el apellido de un residente | D2: este dato representa en forma textual , que tipo de documento tiene el residente como TI, CC, RC, PASS. | E2: Es un dato que representa el numero único del documento de un residente. | F2: Es un dato que representa la fecha de nacimiento que tiene un residente. | G2: Este dato representa el número de contacto de un residente. | H2: Este dato representa el correo electrónico de un residente | I2: este dato representa la contraseña con la que ingresa el residente | J2: Este dato representa el inmueble al cual pertenece el residente. | K2: No puede haber mas de un residente con el mismo tipo de documento y el mismo número de documento. | L2: No puede haber mas de un residente con el mismo número de contacto | M2: No puede haber mas de un residente con el mismo correo.
A3: Identificador | B3: nombre | C3: apellido | D3: tipoDocumento | E3: numeroDocumento | F3: fechaNacimiento | G3: numeroContacto | H3: correoElectronico | I3: contraseña | J3: inmueble | K3: Combinación única 1 | L3: Combinación única 2 | M3: Combinación única 3
A4: 1 | B4: Jose | C4: Zuluf | D4: Cédula de Ciudadanía | E4: 74564891 | F4: 36689 | G4: 3053456459 | H4: example@example.com | I4: asdgf789654 | J4: =[1]Inmueble!E4 -> Apartamento | K4: =_xlfn.CONCAT(D4,"-",E4) -> Cédula de Ciudadanía-74564891 | L4: =G4 -> 3053456459 | M4: =H4 -> example@example.com
A5: 2 | B5: Juan | C5: Aristisabal | D5: Registro civil | E5: 16513516 | F5: 38315 | G5: 3015124578 | H5: ejemplo@jueves.com | I5: nhf523698 | J5: =[1]Inmueble!E5 -> Apartamento | K5: =_xlfn.CONCAT(D5,"-",E5) -> Registro civil-16513516 | L5: =G5 -> 3015124578 | M5: =H5 -> ejemplo@jueves.com
A6: 3 | B6: Andres | C6: Velez | D6: Pasaporte | E6: 8552369 | F6: 35494 | G6: 3057477830 | H6: andresjobpk@gmail.com | I6: vfdf852339 | J6: =[1]Inmueble!E6 -> Casa | K6: =_xlfn.CONCAT(D6,"-",E6) -> Pasaporte-8552369 | L6: =G6 -> 3057477830 | M6: =H6 -> andresjobpk@gmail.com
A7: 4 | B7: Alejandro | C7: Pérez | D7: Cédula de Ciudadanía | E7: 1012345678 | F7: 32944 | G7: 3102345678 | H7: alejandro.perez90@mail.com | I7: AlejPz90* | J7: =[1]Inmueble!E7 -> Casa | K7: =_xlfn.CONCAT(D7,"-",E7) -> Cédula de Ciudadanía-1012345678 | L7: =G7 -> 3102345678 | M7: =H7 -> alejandro.perez90@mail.com
A8: 5 | B8: María | C8: Gómez | D8: Cédula de extranjería | E8: 1023456789 | F8: 31253 | G8: 3204567890 | H8: maria.gomez85@mail.com | I8: MgoMez85! | J8: =[1]Inmueble!E8 -> Apartamento | K8: =_xlfn.CONCAT(D8,"-",E8) -> Cédula de extranjería-1023456789 | L8: =G8 -> 3204567890 | M8: =H8 -> maria.gomez85@mail.com
A9: 6 | B9: Juan | C9: Rodríguez | D9: Cédula de Ciudadanía | E9: 1034567890 | F9: 35013 | G9: 3156781234 | H9: juan.rodriguez95@mail.com | I9: JuanRod95# | J9: =[1]Inmueble!E9 -> Casa | K9: =_xlfn.CONCAT(D9,"-",E9) -> Cédula de Ciudadanía-1034567890 | L9: =G9 -> 3156781234 | M9: =H9 -> juan.rodriguez95@mail.com
A10: 7 | B10: Camila | C10: Torres | D10: Tarjeta de Identidad | E10: 900123456 | F10: 36560 | G10: 3112345678 | H10: camila.torres00@mail.com | I10: Ctorres2000@ | J10: =[1]Inmueble!E10 -> Apartamento | K10: =_xlfn.CONCAT(D10,"-",E10) -> Tarjeta de Identidad-900123456 | L10: =G10 -> 3112345678 | M10: =H10 -> camila.torres00@mail.com
A11: 8 | B11: Andrés | C11: García | D11: Pasaporte | E11: 1045678901 | F11: 33867 | G11: 3149876543 | H11: andres.garcia92@mail.com | I11: Agarcia92+ | J11: =[1]Inmueble!E11 -> Casa | K11: =_xlfn.CONCAT(D11,"-",E11) -> Pasaporte-1045678901 | L11: =G11 -> 3149876543 | M11: =H11 -> andres.garcia92@mail.com
A12: 9 | B12: Laura | C12: Martínez | D12: Cédula de Ciudadanía | E12: 1056789012 | F12: 34128 | G12: 3135678901 | H12: laura.martinez93@mail.com | I12: LauraMart93^ | J12: =[1]Inmueble!E12 -> Apartamento | K12: =_xlfn.CONCAT(D12,"-",E12) -> Cédula de Ciudadanía-1056789012 | L12: =G12 -> 3135678901 | M12: =H12 -> laura.martinez93@mail.com
A13: 10 | B13: Felipe | C13: Ramírez | D13: Cédula de Ciudadanía | E13: 1067890123 | F13: 32507 | G13: 3123456789 | H13: felipe.ramirez88@mail.com | I13: FelipeRam88$ | J13: =[1]Inmueble!E13 -> Casa | K13: =_xlfn.CONCAT(D13,"-",E13) -> Cédula de Ciudadanía-1067890123 | L13: =G13 -> 3123456789 | M13: =H13 -> felipe.ramirez88@mail.com
