Workbook

Sheet Valores
A1: Tipo Objeto Dominio
A2: Tipo | B2: Descripción
A3: Propio | B3: Cuando el objeto de dominio es parte del contexto actual
A4: Referenciado | B4: Cuando el objeto de dominio es parte de otro contexto
A6: Tipo
A7: Carácter
A8: Texto
A9: Alfanumerico
A10: Logico
A11: Fecha
A12: Fecha-tiempo
A13: entero
A14: decimal
A15: referenciado

Sheet Modelo Dominio anémico contexto

Sheet Listado Objetos de Dominio
A1: Subdominio/Contexto: | B1: Residentes
A2: Nombre | B2: Descripción | C2: Tipo | D2: Contexto
A3: Residente | B3: Objeto de dominio que representa a un residente que vive dentro de un inmueble en un conjunto residencial | C3: Propio | D3: =$B$1 -> Residentes
A4: Inmueble | B4: Objeto de dominio que representa el inmueble donde vive el residente del conjunto residencial. | C4: =Valores!$A$4 -> Referenciado

Sheet Residente
A1: <-Volver al inicio
A2: Objeto de Dominio: | B2: ='Listado Objetos de Dominio'!A3 -> Residente
A3: Descripción: | B3: ='Listado Objetos de Dominio'!B3 -> Objeto de dominio que representa a un residente que vive dentro de un inmueble en un conjunto residencial
A4: Atributo | B4: Tipo de Dato | C4: Longitud mínima | D4: Longitud máxima | E4: Precisión | F4: Tipo redondeo decimal | G4: Rango Inicial | H4: Rango Final | I4: Formato | J4: Valor por defecto | K4: Regla especial | L4: ¿Auto generado? | M4: ¿Calculado? | N4: ¿Obligatorio? | O4: ¿Sensible? | P4: ¿Identifica al registro? | Q4: Descripción | R4: Registrar | S4: =A30 -> Buscar | T4: =A28 -> Modificar | U4: =A31 -> Eliminar
A5: identificador | B5: Alfanumerico | C5: 32 | D5: 32 | I5: xxxxxxxx-xxxx-xxxx-xxxx-xxxxxxxxxxxx, donde cada x representa un dígito del 0 al 9 o una letra de la "A" a la "F" | L5: Si | M5: No | N5: Si | O5: No | P5: Si | Q5: Es un dato que hace que cada residente sea único. | R5: Requerido | S5: Filtro/No Listar | T5: Requerido/No modificable | U5: Requerido
A6: nombre | B6: Texto | C6: 1 | D6: 50 | I6: Sólo letras y espacios | K6: Quitar espacios en blanco al inicio, al final, y entre números | L6: No | M6: No | N6: Si | O6: No | P6: No | Q6: Es un dato que representa el nombre del residente. | R6: Requerido | S6: Filtro/Listar | T6: Requerido/Modificable | U6: No requerido
A7: apellido | B7: Texto | C7: 1 | D7: 50 | I7: Sólo letras y espacios | K7: Quitar espacios en blanco al inicio, al final, y entre números | L7: No | M7: No | N7: Si | O7: No | P7: No | Q7: Es un dato que representa el apellido de un residente | R7: Requerido | S7: Filtro/Listar | T7: Requerido/Modificable | U7: No requerido
A8: tipoDocumento | B8: Texto | C8: 1 | D8: 50 | I8: Sólo letras y espacios | K8: Quitar espacios en blanco al inicio, al final, y entre números | L8: No | M8: No | N8: Si | O8: Si | P8: No | Q8: este dato representa en forma textual , que tipo de documento tiene el residente como TI, CC, RC, PASS. | R8: Requerido | S8: Filtro/Listar | T8: Requerido/Modificable | U8: No requerido
A9: numeroDocumento | B9: entero | G9: 1 | H9: 100000000000 | I9: sólo números enteros | L9: No | M9: No | N9: Si | O9: Si | P9: No | Q9: Es un dato que representa el numero único del documento de un residente. | R9: Requerido | S9: Filtro/Listar | T9: Requerido/Modificable | U9: No requerido
A10: fechaNacimiento | B10: Fecha | I10: (MM/dd/aaaa) | L10: No | M10: No | N10: Si | O10: No | P10: No | Q10: Es un dato que representa la fecha de nacimiento que tiene un residente. | R10: Requerido | S10: Filtro/Listar | T10: Requerido/Modificable | U10: No requerido
A11: numeroContacto | B11: entero | G11: 1 | H11: 10000000 | I11: sólo números enteros | K11: Quitar espacios en blanco al inicio, al final, y entre números | L11: No | M11: No | N11: Si | O11: Si | P11: No | Q11: Este dato representa el número de contacto de un residente. | R11: Requerido | S11: Filtro/Listar | T11: Requerido/Modificable | U11: No requerido
A12: correoElectronico | B12: Alfanumerico | C12: 6 | D12: 50 | I12: xxxxxxxxxxxxxxxxxx@xxxxxxxxx.com donde cada x representa un digito del 0 al 9 o una letra de la "A" a la "Z" y debe terminas en .com o .co | K12: Quitar espacios en blanco al inicio, al final, y entre números | L12: No | M12: No | N12: Si | O12: No | P12: No | Q12: Este dato representa el correo electrónico de un residente | R12: Requerido | S12: No filtrar | T12: Requerido/Modificable | U12: No requerido
A13: contraseña | B13: Alfanumerico | C13: 8 | D13: 30 | I13: Sólo letras que pueden ser mayúsculas o minusculas, números y los caracteres especiales. | K13: Debe contener al menos una minuscula un carácter especial y un número, No puede contener espacios. | L13: No | M13: No | N13: Si | O13: Si | P13: No | Q13: este dato representa la contraseña con la que ingresa el residente | R13: Requerido | S13: No filtrar | T13: Requerido/Modificable | U13: No requerido
A14: inmueble | B14: Inmueble | I14: zona de Inmueble- tipo de inueble - numero del inmueble | L14: Si | M14: No | N14: Si | O14: No | P14: No | Q14: Representa el lugar donde vive el residente dentro del conjunto residencial. | R14: Requerido | S14: Filtro {Inmueble.identificador}/Listar {Inmueble.nombre} | T14: Requerido/Modificable | U14: No requerido
A16: Combinación única 1 | E16: Combinación única 2 | I16: Combinaciones únicas
A17: Nombre combinación | B17: Descripción | C17: Atributos | E17: Nombre combinación | F17: Descripción | G17: Atributos | I17: Nombre combinación | J17: Descripción | K17: Atributos
A18: identificador de residente | B18: No puede haber mas de un residente con el mismo tipo de documento y el mismo número de documento. | C18: tipoDocumento | E18: Número de contacto del residente | F18: No puede haber mas de un residente con el mismo número de contacto | G18: numeroContacto | I18: Correo electronico del residente | J18: No puede haber mas de un residente con el mismo correo. | K18: correoElectronico
C20: numeroDocumento
A23: Responsabilidad | C23: Descripción | H23: Entradas | K23: Salida | P23: Políticas (Reglas de Negocio) | R23: Excepción
H24: Parámetro | I24: Tipo de dato | J24: Descripción | K24: Tipo de Dato | L24: Descripción | P24: Política | Q24: Descripción | R24: Detalle | S24: ¿Qué hago?
A25: Registrar | C25: Acción dónde un administrador podrá crear un residente. | H25: =_xlfn.CONCAT("datos",B2) -> datosResidente | I25: =B2 -> Residente | J25: =_xlfn.CONCAT("Corresponde al objeto que internamente contiene los datos necesarios para crear un nuevo ",B2,) -> Corresponde al objeto que internamente contiene los datos necesarios para crear un nuevo Residente | P25: Resid-Pol0001 | Q25: Asegurar que los datos requeridos para registrar la información del nuevo residente sean válidos a nivel de tipo de dato,formato, rango, longitud y obligatoriedad. | R25: En caso de que la politica no se cumpla, se deberá generar un mensaje de error indicando que los datos no fueron validos a nivel de tipo de dato, longitud, obligatoriedad, formato y rango y de ser posible, se emite una recomendación para solucionar el problema. | S25: Detener de forma inmediata le ejecución del proceso actual.
P26: Resid-Pol0002 | Q26: Residente debe estar asociado a un Inmueble existente en el contexto Conjuntos Residenciales | R26: En caso de que la politica no se cumpla, se deberá generar un mensaje de error indicando que se intenta registrar un residente que tiene asociado un inmueble que no existe. | S26: Detener de forma inmediata le ejecución del proceso actual.
P27: Resid-Pol0003 | Q27: Los datos personales del residente deben ser válidos. | R27: En caso de que la politica no se cumpla, se deberá generar un mensaje de error indicando que se intenta registrar un residente el cual los datos no son validos. | S27: Detengo el proceso hasta que se ingresen datos valido para la creación del residente.
A28: Modificar | C28: Acción de modificar los atributos de un residente. | H28: =_xlfn.CONCAT("datos",B2) -> datosResidente | I28: =B2 -> Residente | J28: =_xlfn.CONCAT("Corresponde a los datos que se van a modificar del ",B2) -> Corresponde a los datos que se van a modificar del Residente | P28: Resid-Pol0004 | Q28: Se debe asegurar que exista. | R28: En caso de que la politica no se cumpla, se deberá generar un mensaje de error indicando que el residenten que intenta modificar no existe | S28: Detengo el proceso hasta que se encuenre un residente existente para modificar.
P29: Resid-Pol0005 | Q29: Los datos personales y la referencia al Inmueble deben ser válidos. | R29: En caso de que la politica no se cumpla, se deberá generar un mensaje de error indicando que la referencia del inmueble o los datos personales no son validos. | S29: Detengo el preceso hasta que se inserten datos validos .
A30: Buscar | C30: Acción de buscar la información asociada a un residente. | H30: =_xlfn.CONCAT("datos",B2) -> datosResidente | I30: =B2 -> Residente | J30: =_xlfn.CONCAT("Corresponde a un objeto que contiene los filtros de consulta de un ",B2," de un conjunto residencial.") -> Corresponde a un objeto que contiene los filtros de consulta de un Residente de un conjunto residencial. | K30: Lista<Residente> | L30: Listado de todos los residentes que cumplen con los filtros de consulta: 1. Devuelve vacio cuando no se cumplan parametros de consulta. 2.Devuelve el listado de los residentes que cumplan con el filtro de consulta. | P30: Resid-Pol0006 | Q30: Se debe Asegurar que si se envian parametros de consulta sean válidos a nivel de tipo de dato,formato, rango, longitud y obligatoriedad. | R30: En caso de que la politica no se cumpla, se deberá generar un mensaje de error indicando que los datos no fueron validos a nivel de tipo de dato, longitud, obligatoriedad, formato y rango y de ser posible, se emite una recomendación para solucionar el problema. | S30: Detener de forma inmediata le ejecución del proceso actual.
A31: Eliminar | C31: Acción de eliminar un residente de un conjunto residencial. | H31: identificador | I31: Alfanumerico | J31: =_xlfn.CONCAT("Corresponde al identificador del ",$B$2," que se quiere dar de baja.") -> Corresponde al identificador del Residente que se quiere dar de baja. | P31: Resid-Pol0007 | Q31: Se debe asegura que exista. | R31: En caso de que la politica no se cumpla, se deberá generar un mensaje de error indicando que los datos que se ingresaron no pertenecen a ningun residente. | S31: Detengo el preceso hasta que se inserten datos validos ya exitententes.
A32: Eliminar | C32: Acción de eliminar un residente de un conjunto residencial. | H32: identificador | I32: Alfanumerico | J32: =_xlfn.CONCAT("Corresponde al identificador del ",$B$2," que se quiere dar de baja.") -> Corresponde al identificador del Residente que se quiere dar de baja. | P32: Resid-Pol0007 | Q32: Se debe asegura que exista. | R32: En caso de que la politica no se cumpla, se deberá generar un mensaje de error indicando que los datos que se ingresaron no pertenecen a ningun residente. | S32: Detengo el preceso hasta que se inserten datos validos ya exitententes.
A33: Eliminar | C33: Acción de eliminar un residente de un conjunto residencial. | H33: identificador | I33: Alfanumerico | J33: =_xlfn.CONCAT("Corresponde al identificador del ",$B$2," que se quiere dar de baja.") -> Corresponde al identificador del Residente que se quiere dar de baja. | P33: Resid-Pol0007 | Q33: Se debe asegura que exista. | R33: En caso de que la politica no se cumpla, se deberá generar un mensaje de error indicando que los datos que se ingresaron no pertenecen a ningun residente. | S33: Detengo el preceso hasta que se inserten datos validos ya exitententes.

Sheet Inmueble
A1: <-Volver al inicio
A2: Objeto de Dominio: | B2: ='Listado Objetos de Dominio'!A4 -> Inmueble
A3: Descripción: | B3: ='Listado Objetos de Dominio'!B4 -> Objeto de dominio que representa el inmueble donde vive el residente del conjunto residencial.
A4: Atributo | B4: Tipo de Dato | C4: Longitud mínima | D4: Longitud máxima | E4: Precisión | F4: Tipo redondeo decimal | G4: Rango Inicial | H4: Rango Final | I4: Formato | J4: Valor por defecto | K4: Regla especial | L4: ¿Auto generado? | M4: ¿Calculado? | N4: ¿Obligatorio? | O4: ¿Sensible? | P4: ¿Identifica al registro? | Q4: Descripción | R4: Registrar | S4: =A35 -> Buscar | T4: =A36 -> Modificar | U4: =A37 -> Eliminar
A5: identificadorConjuntoResidencial | B5: Alfanumerico | C5: 32 | D5: 32 | I5: xxxxxxxx-xxxx-xxxx-xxxx-xxxxxxxxxxxx, donde cada x representa un dígito del 0 al 9 o una letra de la "A" a la "F" | L5: Si | M5: No | N5: Si | O5: No | P5: Si | Q5: Es un dato que hace que cada conjunto residencial sea único. | R5: Requerido | S5: Filtro/No Listar | T5: Requerido/No modificable | U5: Requerido
A6: nombreConjuntoResidencial | B6: Texto | C6: 3 | D6: 50 | I6: Sólo letras y espacios | K6: Quitar espacios en blanco al inicio, al final, y entre palabras. | L6: No | M6: No | N6: Si | O6: No | P6: No | Q6: Es un dato que representa al nombre de un conjunto residencial | R6: Requerido | S6: Filtro/Listar | T6: Requerido/Modificable | U6: No requerido
A7: identificadorTipoZonaInmueble | B7: Alfanumerico | C7: 32 | D7: 32 | I7: xxxxxxxx-xxxx-xxxx-xxxx-xxxxxxxxxxxx, donde cada x representa un dígito del 0 al 9 o una letra de la "A" a la "F" | L7: Si | M7: No | N7: Si | O7: No | P7: Si | Q7: Es un dato que hace que cada zona imueble sea única. | R7: Requerido | S7: Filtro/No Listar | T7: Requerido/No modificable | U7: Requerido
A8: nombreTipoZonaInmueble | B8: Texto | C8: 1 | D8: 50 | K8: Quitar espacios en blanco al inicio, al final, y entre palabras. | L8: No | M8: No | N8: Si | O8: No | P8: No | Q8: Este atributo representa el número especifico del tipo de inmueble inmueble. | R8: Requerido | S8: Filtro/Listar | T8: Requerido/Modificable | U8: No requerido
A9: identificadorZonaInmueble | B9: Alfanumerico | C9: 32 | D9: 32 | I9: xxxxxxxx-xxxx-xxxx-xxxx-xxxxxxxxxxxx, donde cada x representa un dígito del 0 al 9 o una letra de la "A" a la "F" | L9: Si | M9: No | N9: Si | O9: No | P9: Si | Q9: Es un dato que hace que cada zona imueble sea única. | R9: Requerido | S9: Filtro/No Listar | T9: Requerido/No modificable | U9: Requerido
A10: numeroZonaInmuebleZonaInmueble | B10: entero | C10: 1 | D10: 20 | G10: 1 | H10: 200 | I10: solo números | K10: Quitar espacios en blanco al inicio y al final. | L10: No | M10: No | N10: Si | O10: No | P10: No | Q10: Es el atributo que representa el numero que pertenece a un tipo de zona inmueble . | R10: Requerido | S10: Filtro/Listar | T10: Requerido/Modificable | U10: No requerido
A11: identificadorTipoInmueble | B11: Alfanumerico | C11: 32 | D11: 32 | I11: xxxxxxxx-xxxx-xxxx-xxxx-xxxxxxxxxxxx, donde cada x representa un dígito del 0 al 9 o una letra de la "A" a la "F" | L11: Si | M11: No | N11: Si | O11: No | P11: Si | Q11: Es un dato que hace que cada tipo de inmueble sea único. | R11: Requerido | S11: Filtro/No Listar | T11: Requerido/No modificable | U11: Requerido
A12: nombreTipoInmueble | B12: Texto | C12: 1 | D12: 50 | K12: Quitar espacios en blanco al inicio, al final, y entre palabras. | L12: No | M12: No | N12: Si | O12: No | P12: No | Q12: Este atributo representa el número especifico del tipo de inmueble inmueble. | R12: Requerido | S12: Filtro/Listar | T12: Requerido/Modificable | U12: No requerido
A13: identificadorInmueble | B13: Alfanumerico | C13: 32 | D13: 32 | I13: xxxxxxxx-xxxx-xxxx-xxxx-xxxxxxxxxxxx, donde cada x representa un dígito del 0 al 9 o una letra de la "A" a la "F" | L13: Si | M13: No | N13: Si | O13: No | P13: Si | Q13: Es un dato que hace que cada inmueble sea único. | R13: Requerido | S13: Filtro/No Listar | T13: Requerido/No modificable | U13: Requerido
A14: numeroViviendaInmueble | B14: Entero | C14: 1 | D14: 50 | L14: No | M14: No | N14: Si | O14: No | P14: No | Q14: Este atributo representa el número especifico del inmueble. | R14: Requerido | S14: Filtro/Listar | T14: Requerido/Modificable | U14: No requerido
A16: Combinaciones únicas
A17: Nombre combinación | B17: Descripción | C17: Atributos
A18: Datos unicos para comunicación | B18: No es posible tener otra trasferencia identedica. | C18: =A5 -> identificadorConjuntoResidencial
C19: =A6 -> nombreConjuntoResidencial
C20: =A7 -> identificadorTipoZonaInmueble
C21: =A8 -> nombreTipoZonaInmueble
C22: =A9 -> identificadorZonaInmueble
C23: =A10 -> numeroZonaInmuebleZonaInmueble
C24: =A11 -> identificadorTipoInmueble
C25: =A12 -> nombreTipoInmueble
C26: =A13 -> identificadorInmueble
C27: =A14 -> numeroViviendaInmueble
A29: Responsabilidad | C29: Descripción | H29: Entradas | K29: Salida | P29: Políticas (Reglas de Negocio) | R29: Excepción
H30: Parámetro | I30: Tipo de dato | J30: Descripción | K30: Tipo de Dato | L30: Descripción | P30: Política | Q30: Descripción | R30: Detalle | S30: ¿Qué hago?
A31: Registrar | C31: Acción dónde un administrador podrá crear un inmueble. | H31: =_xlfn.CONCAT("datos",B2) -> datosInmueble | I31: =B2 -> Inmueble | J31: =_xlfn.CONCAT("Corresponde al objeto que internamente contiene los datos necesarios para crear una nueva ",B2,) -> Corresponde al objeto que internamente contiene los datos necesarios para crear una nueva Inmueble | P31: Inmueble-Pol0001 | Q31: Asegurar que los datos requeridos para registrar la información del inmueble que sean válidos a nivel de tipo de dato,formato, rango, longitud y obligatoriedad. | R31: En caso de que la politica no se cumpla, se deberá generar un mensaje de error indicando que los datos no fueron validos a nivel de tipo de dato, longitud, obligatoriedad, formato y rango y de ser posible, se emite una recomendación para solucionar el problema. | S31: Detener de forma inmediata le ejecución del proceso actual.
P32: Inmueble-Pol0002 | Q32: Se debe asegurar no exista un inmueble. | R32: En caso de que la politica no se cumpla, se deberá generar un mensaje de error indicando que se intenta registrar un inmueble que tiene el identificador ya existente. | S32: Continuo el proceso generando nuevos identificadores hasta asegurar que no esten asignados a otro Inmueble.
P33: Inmueble-Pol0003 | Q33: No es posible tener más de un inmueble con el mismo número de inmueble para un mismo conjunto residencial. | R33: En caso de que la politica no se cumpla, se deberá generar un mensaje de error indicando que se intenta registrar un inmueble ya existente. | S33: Detengo el proceso hasta que se ingresen datos valido para la creacion de un inmueble.
P34: Inmueble-Pol0004 | Q34: Asegurar que el identificador del inmueble que se desea registrar no haya sido asignado previamente a otro inmueble. | R34: En caso de que la politica no se cumpla, se deberá generar un mensaje de error indicando que se intente registrar un inmueble que esta previamente registrado en otro inmueble. | S34: Detengo el proceso hasta que se ingrese un inmueble que no este previamente asignado a otro inmueble.
A35: Buscar | C35: Acción de buscar la información asociada a un inmueble. | H35: =_xlfn.CONCAT("datos",B2) -> datosInmueble | I35: =B2 -> Inmueble | J35: =_xlfn.CONCAT("Corresponde a un objeto que contiene los filtros de consulta de ",B2," de un conjunto residencial.") -> Corresponde a un objeto que contiene los filtros de consulta de Inmueble de un conjunto residencial. | K35: Lista<inmueble> | L35: Listado de todos los inmuebles que cumplen con los filtros de consulta: 1. Devuelve vacio cuandono se cumplan parametros de consulta. 2.Devuelve el listado de los inmuebles que cumplan con el filtro de consulta. | P35: Inmueble-Pol0006 | Q35: Se debe Asegurar que si se envian parametros de consulta sean válidos a nivel de tipo de dato,formato, rango, longitud y obligatoriedad. | R35: En caso de que la politica no se cumpla, se deberá generar un mensaje de error indicando que los datos no fueron validos a nivel de tipo de dato, longitud, obligatoriedad, formato y rango y de ser posible, se emite una recomendación para solucionar el problema. | S35: Detener de forma inmediata le ejecución del proceso actual.
A36: Modificar | C36: Acción de modificar los atributos de un inmueble. | H36: =_xlfn.CONCAT("datos",B2) -> datosInmueble | I36: =B2 -> Inmueble | J36: =_xlfn.CONCAT("Corresponde a los datos que se van a modificar de la ",B2) -> Corresponde a los datos que se van a modificar de la Inmueble | P36: Inmueble-Pol0007 | Q36: Se debe asegura que exista. | R36: En caso de que la politica no se cumpla, se deberá generar un mensaje de error indicando que los datos que se ingresaron no pertenecen a ningun inmueble. | S36: Detengo el preceso hasta que se inserten datos validos ya exitententes.
A37: Eliminar | C37: Acción de eliminar un inmueble de un conjunto residencial. | H37: identificador | I37: Alfanumerico | J37: =_xlfn.CONCAT("Corresponde al identificador de la ",$B$2," que se quiere dar de baja.") -> Corresponde al identificador de la Inmueble que se quiere dar de baja. | P37: Inmueble-Pol0007 | Q37: Se debe asegura que exista. | R37: En caso de que la politica no se cumpla, se deberá generar un mensaje de error indicando que los datos que se ingresaron no pertenecen a ningun inmueble. | S37: Detengo el preceso hasta que se inserten datos validos ya exitententes.
